,team,mean_wins
5,LAD,103.81956
22,NYY,103.146996
15,HOU,102.603485
3,NYM,99.02339
24,TB,98.99322
7,SD,94.303635
27,MIN,90.29725
9,CHC,89.47848
4,WAS,85.90486
12,STL,85.69501
18,ATL,84.59767
28,CLE,83.32849
23,TOR,82.82158
10,MIL,82.78745
2,PHI,82.50925
13,LAA,80.944214
20,BOS,78.8463
14,OAK,78.056076
17,ARI,78.00383
26,CHW,77.60527
16,SEA,72.76172
0,SF,71.57208
25,KC,68.21518
19,CIN,68.11995
8,TEX,67.57666
6,MIA,66.20225
11,PIT,65.547455
21,BAL,64.62625
29,DET,60.925316
1,COL,60.687172
